<?xml version="1.0" encoding="UTF-8" standalone="yes"?>
<addon id="repository.Golden" 
       name="[COLOR gold]Golden Repository[/COLOR]"
       version="1.0.1" 
       provider-name="Golden Team">
    <extension point="xbmc.addon.repository">
        <dir>
            <info compressed="false">https://raw.githubusercontent.com/nuxzs/repo/main/addons.xml</info>
            <checksum>https://raw.githubusercontent.com/nuxzs/repo/main/addons.xml.md5</checksum>
            <datadir zip="true">https://raw.githubusercontent.com/nuxzs/repo/main/zips/</datadir>
        </dir>
    </extension>
    <extension point="xbmc.addon.metadata">
        <summary>Official Repository for Golden Addons</summary>
        <description>Install and update Golden addons automatically.</description>
        <platform>all</platform>
        <assets>
            <icon>icon.png</icon>
            <fanart>fanart.jpg</fanart>
        </assets>
    </extension>
</addon>