<?xml version="1.0" encoding="UTF-8"?>
<addon id="plugin.video.GoldVault"
       version="1.0.3"
       name="[COLOR gold]GoldVault[/COLOR]"
       provider-name="Golden Team">
    <requires>
        <import addon="xbmc.python" version="3.0.1"/>
        <import addon="script.module.requests"/>
    </requires>
    <extension point="xbmc.python.pluginsource" library="main.py">
        <provides>video</provides>
    </extension>
    <extension point="xbmc.addon.metadata">
  <summary lang="en_GB">Example Kodi Video Plugin</summary>
  <description lang="en_GB">Gold Vault provides OneClick Movies and Live TV streaming.
[COLOR gold][B]Disclaimer:[/B][/COLOR] To ensure proper functionality,it is essential
to keep this addon updated to the latest version.
             </description>
  <disclaimer lang="en_GB">STAY UPDATE EVERYTIME</disclaimer>
  <license>GPL-3.0-only	</license>
  <assets>
    <icon>resources/images/icon.png</icon>
    <fanart>resources/images/fanart.jpg</fanart>
  </assets>
  <news>Updated with More Live Tv Channels</news>
</extension>
</addon>